{
  "timestamp": "2025-08-27T23:04:54.847010",
  "param_grid": {
    "epochs": [
      10,
      15,
      25,
      30
    ],
    "batch_size": [
      2,
      4,
      8
    ],
    "learning_rate": [
      0.0001,
      0.0005,
      0.001
    ]
  },
  "completed_combinations": 13,
  "total_combinations": 36,
  "best_score": 0.8859570068105791,
  "best_params": {
    "epochs": 15,
    "batch_size": 2,
    "learning_rate": 0.0005
  },
  "all_results": [
    {
      "combination_id": 1,
      "parameters": {
        "epochs": 10,
        "batch_size": 2,
        "learning_rate": 0.0001
      },
      "training_time": 7207.138937711716,
      "train_metrics": {
        "iou": 0.6828327466721289,
        "dice": 1.0,
        "f1": 0.8065988934860631,
        "precision": 0.8861956411463353,
        "recall": 0.7532894608509472,
        "error_rate": 0.16680441395046605,
        "mse": 0.16680441395046605
      },
      "val_metrics": {
        "iou": 0.66727817433936,
        "dice": 1.0,
        "f1": 0.7945260728588541,
        "precision": 0.8799717555974276,
        "recall": 0.7354658769287226,
        "error_rate": 0.17519931938812022,
        "mse": 0.17519931938812022
      },
      "composite_score": 0.8206014157327379,
      "final_loss": 0.36685140448022296
    },
    {
      "combination_id": 2,
      "parameters": {
        "epochs": 10,
        "batch_size": 2,
        "learning_rate": 0.0005
      },
      "training_time": 6675.27102804184,
      "train_metrics": {
        "iou": 0.7795897403707012,
        "dice": 1.0,
        "f1": 0.8733675492425266,
        "precision": 0.885049132384488,
        "recall": 0.8688996147015354,
        "error_rate": 0.11556855123312022,
        "mse": 0.11556855123312022
      },
      "val_metrics": {
        "iou": 0.7297526688976143,
        "dice": 1.0,
        "f1": 0.8396638053974123,
        "precision": 0.8587898985120176,
        "recall": 0.8333104525813619,
        "error_rate": 0.14488278454496661,
        "mse": 0.14488278454496661
      },
      "composite_score": 0.8564721580983421,
      "final_loss": 0.29715376223364476
    },
    {
      "combination_id": 3,
      "parameters": {
        "epochs": 10,
        "batch_size": 2,
        "learning_rate": 0.001
      },
      "training_time": 6665.708019018173,
      "train_metrics": {
        "iou": 0.7543493297884158,
        "dice": 1.0,
        "f1": 0.856908615756901,
        "precision": 0.8676201251565157,
        "recall": 0.8556656522914967,
        "error_rate": 0.132934278557451,
        "mse": 0.132934278557451
      },
      "val_metrics": {
        "iou": 0.731266756776635,
        "dice": 1.0,
        "f1": 0.8409777711365969,
        "precision": 0.8345091399800686,
        "recall": 0.8606347223274581,
        "error_rate": 0.14539529349057728,
        "mse": 0.14539529349057728
      },
      "composite_score": 0.8574148426377439,
      "final_loss": 0.3321136834801497
    },
    {
      "combination_id": 4,
      "parameters": {
        "epochs": 10,
        "batch_size": 4,
        "learning_rate": 0.0001
      },
      "training_time": 5354.819816350937,
      "train_metrics": {
        "iou": 0.6397435241983137,
        "dice": 1.0,
        "f1": 0.7774328487065002,
        "precision": 0.8720279274551013,
        "recall": 0.7093306802611314,
        "error_rate": 0.18861290152746302,
        "mse": 0.18861290152746302
      },
      "val_metrics": {
        "iou": 0.6137373935092579,
        "dice": 1.0,
        "f1": 0.7567519103035782,
        "precision": 0.885214528351119,
        "recall": 0.669414909048514,
        "error_rate": 0.20601561575224905,
        "mse": 0.20601561575224905
      },
      "composite_score": 0.7901631012709455,
      "final_loss": 0.4003414263707081
    },
    {
      "combination_id": 5,
      "parameters": {
        "epochs": 10,
        "batch_size": 4,
        "learning_rate": 0.0005
      },
      "training_time": 5366.302718877792,
      "train_metrics": {
        "iou": 0.7305742005127986,
        "dice": 1.0,
        "f1": 0.8421226733058463,
        "precision": 0.7725085129264657,
        "recall": 0.9324913893947164,
        "error_rate": 0.16471804553315839,
        "mse": 0.16471804553315839
      },
      "val_metrics": {
        "iou": 0.7343752871860157,
        "dice": 1.0,
        "f1": 0.8444010859185999,
        "precision": 0.7762568493684133,
        "recall": 0.9315821718085896,
        "error_rate": 0.1625960378935843,
        "mse": 0.1625960378935843
      },
      "composite_score": 0.8595921243682052,
      "final_loss": 0.3352104655772675
    },
    {
      "combination_id": 6,
      "parameters": {
        "epochs": 10,
        "batch_size": 4,
        "learning_rate": 0.001
      },
      "training_time": 5306.994625091553,
      "train_metrics": {
        "iou": 0.7479099988482381,
        "dice": 1.0,
        "f1": 0.8540047896272354,
        "precision": 0.8337599186951877,
        "recall": 0.8816398136488354,
        "error_rate": 0.14207295425065603,
        "mse": 0.14207295425065603
      },
      "val_metrics": {
        "iou": 0.7413494884967804,
        "dice": 1.0,
        "f1": 0.8494059109326565,
        "precision": 0.8432388278571042,
        "recall": 0.8606377776825067,
        "error_rate": 0.1418475526751894,
        "mse": 0.1418475526751894
      },
      "composite_score": 0.8635851331431456,
      "final_loss": 0.3375245171193858
    },
    {
      "combination_id": 7,
      "parameters": {
        "epochs": 10,
        "batch_size": 8,
        "learning_rate": 0.0001
      },
      "training_time": 4625.296696662903,
      "train_metrics": {
        "iou": 0.6890753826112238,
        "dice": 1.0,
        "f1": 0.8148791043812992,
        "precision": 0.7767388019852965,
        "recall": 0.8607537209532643,
        "error_rate": 0.1876347860079685,
        "mse": 0.1876347860079685
      },
      "val_metrics": {
        "iou": 0.6783605886228157,
        "dice": 1.0,
        "f1": 0.807371917999152,
        "precision": 0.7639426932190404,
        "recall": 0.8612701892852783,
        "error_rate": 0.18929637562144885,
        "mse": 0.18929637562144885
      },
      "composite_score": 0.8285775022073225,
      "final_loss": 0.4115798671281975
    },
    {
      "combination_id": 8,
      "parameters": {
        "epochs": 10,
        "batch_size": 8,
        "learning_rate": 0.0005
      },
      "training_time": 4638.206687450409,
      "train_metrics": {
        "iou": 0.7290138779705717,
        "dice": 1.0,
        "f1": 0.8425334705651262,
        "precision": 0.8615778711915926,
        "recall": 0.8268004464739152,
        "error_rate": 0.14624753378274788,
        "mse": 0.14624753378274788
      },
      "val_metrics": {
        "iou": 0.7071289546561964,
        "dice": 1.0,
        "f1": 0.8272193796706923,
        "precision": 0.8542392488681909,
        "recall": 0.8049347761905554,
        "error_rate": 0.16246356386126895,
        "mse": 0.16246356386126895
      },
      "composite_score": 0.8447827781089629,
      "final_loss": 0.35290750235546636
    },
    {
      "combination_id": 9,
      "parameters": {
        "epochs": 10,
        "batch_size": 8,
        "learning_rate": 0.001
      },
      "training_time": 4521.992364406586,
      "train_metrics": {
        "iou": 0.7048641088354679,
        "dice": 1.0,
        "f1": 0.8256544102239245,
        "precision": 0.7660617050323778,
        "recall": 0.8997375951468489,
        "error_rate": 0.1819699702372078,
        "mse": 0.1819699702372078
      },
      "val_metrics": {
        "iou": 0.6938604387370023,
        "dice": 1.0,
        "f1": 0.8183704108902903,
        "precision": 0.7491322087519097,
        "recall": 0.9056910023544774,
        "error_rate": 0.1874102968158144,
        "mse": 0.1874102968158144
      },
      "composite_score": 0.8374102832090976,
      "final_loss": 0.38785549429536775
    },
    {
      "combination_id": 10,